customer_id_externo;mrr;billing_profile;days_since_last;features_used_30d;email
saudavel-0001;70,55;CLT;1;19;financeiro+saudavel-0001@exemplo.com.br
saudavel-0002;148,65;freelancer;0;11;financeiro+saudavel-0002@exemplo.com.br
saudavel-0003;182,86;freelancer;2;13;financeiro+saudavel-0003@exemplo.com.br
saudavel-0004;279,59;PJ;2;16;financeiro+saudavel-0004@exemplo.com.br
saudavel-0005;62,78;freelancer;1;9;financeiro+saudavel-0005@exemplo.com.br
saudavel-0006;79,69;PJ;2;19;financeiro+saudavel-0006@exemplo.com.br
saudavel-0007;176,12;freelancer;2;16;financeiro+saudavel-0007@exemplo.com.br
saudavel-0008;39,90;PJ;4;8;financeiro+saudavel-0008@exemplo.com.br
saudavel-0009;169,98;CLT;0;17;financeiro+saudavel-0009@exemplo.com.br
saudavel-0010;58,66;PJ;2;12;financeiro+saudavel-0010@exemplo.com.br
saudavel-0011;129,14;PJ;2;16;financeiro+saudavel-0011@exemplo.com.br
saudavel-0012;277,76;freelancer;0;14;financeiro+saudavel-0012@exemplo.com.br
saudavel-0013;124,98;PJ;1;20;financeiro+saudavel-0013@exemplo.com.br
saudavel-0014;308,10;freelancer;0;15;financeiro+saudavel-0014@exemplo.com.br
saudavel-0015;57,63;CLT;2;8;financeiro+saudavel-0015@exemplo.com.br
saudavel-0016;101,48;PJ;2;18;financeiro+saudavel-0016@exemplo.com.br
saudavel-0017;162,20;CLT;0;15;financeiro+saudavel-0017@exemplo.com.br
saudavel-0018;199,54;PJ;4;19;financeiro+saudavel-0018@exemplo.com.br
saudavel-0019;51,33;CLT;1;12;financeiro+saudavel-0019@exemplo.com.br
saudavel-0020;278,98;freelancer;0;13;financeiro+saudavel-0020@exemplo.com.br
saudavel-0021;187,17;PJ;0;13;financeiro+saudavel-0021@exemplo.com.br
saudavel-0022;76,89;CLT;1;15;financeiro+saudavel-0022@exemplo.com.br
saudavel-0023;102,01;CLT;0;11;financeiro+saudavel-0023@exemplo.com.br
saudavel-0024;93,02;freelancer;0;19;financeiro+saudavel-0024@exemplo.com.br
saudavel-0025;71,11;PJ;0;19;financeiro+saudavel-0025@exemplo.com.br
saudavel-0026;301,78;PJ;1;10;financeiro+saudavel-0026@exemplo.com.br
saudavel-0027;212,90;CLT;0;11;financeiro+saudavel-0027@exemplo.com.br
saudavel-0028;40,59;freelancer;4;16;financeiro+saudavel-0028@exemplo.com.br
saudavel-0029;185,82;CLT;0;15;financeiro+saudavel-0029@exemplo.com.br
saudavel-0030;39,90;freelancer;1;14;financeiro+saudavel-0030@exemplo.com.br
saudavel-0031;564,07;CLT;0;13;financeiro+saudavel-0031@exemplo.com.br
saudavel-0032;211,50;freelancer;0;15;financeiro+saudavel-0032@exemplo.com.br
saudavel-0033;176,59;freelancer;1;15;financeiro+saudavel-0033@exemplo.com.br
saudavel-0034;259,89;PJ;0;11;financeiro+saudavel-0034@exemplo.com.br
saudavel-0035;199,61;CLT;1;8;financeiro+saudavel-0035@exemplo.com.br
saudavel-0036;70,66;freelancer;1;15;financeiro+saudavel-0036@exemplo.com.br
saudavel-0037;110,85;freelancer;0;16;financeiro+saudavel-0037@exemplo.com.br
saudavel-0038;128,86;freelancer;3;15;financeiro+saudavel-0038@exemplo.com.br
saudavel-0039;161,98;CLT;0;14;financeiro+saudavel-0039@exemplo.com.br
saudavel-0040;104,90;freelancer;0;14;financeiro+saudavel-0040@exemplo.com.br
saudavel-0041;84,58;PJ;2;15;financeiro+saudavel-0041@exemplo.com.br
saudavel-0042;58,78;PJ;1;18;financeiro+saudavel-0042@exemplo.com.br
saudavel-0043;101,06;freelancer;1;11;financeiro+saudavel-0043@exemplo.com.br
saudavel-0044;176,12;freelancer;2;18;financeiro+saudavel-0044@exemplo.com.br
saudavel-0045;186,80;PJ;2;15;financeiro+saudavel-0045@exemplo.com.br
saudavel-0046;243,40;freelancer;1;17;financeiro+saudavel-0046@exemplo.com.br
saudavel-0047;39,90;freelancer;0;9;financeiro+saudavel-0047@exemplo.com.br
saudavel-0048;263,17;CLT;2;14;financeiro+saudavel-0048@exemplo.com.br
saudavel-0049;153,96;freelancer;0;15;financeiro+saudavel-0049@exemplo.com.br
saudavel-0050;75,62;freelancer;1;11;financeiro+saudavel-0050@exemplo.com.br
saudavel-0051;53,77;PJ;1;19;financeiro+saudavel-0051@exemplo.com.br
saudavel-0052;121,89;CLT;1;12;financeiro+saudavel-0052@exemplo.com.br
saudavel-0053;181,71;PJ;2;10;financeiro+saudavel-0053@exemplo.com.br
saudavel-0054;104,50;PJ;0;13;financeiro+saudavel-0054@exemplo.com.br
saudavel-0055;402,79;CLT;2;12;financeiro+saudavel-0055@exemplo.com.br
saudavel-0056;128,11;freelancer;2;14;financeiro+saudavel-0056@exemplo.com.br
saudavel-0057;48,64;CLT;0;12;financeiro+saudavel-0057@exemplo.com.br
saudavel-0058;99,72;PJ;0;13;financeiro+saudavel-0058@exemplo.com.br
saudavel-0059;88,67;PJ;1;17;financeiro+saudavel-0059@exemplo.com.br
saudavel-0060;139,46;PJ;0;16;financeiro+saudavel-0060@exemplo.com.br
saudavel-0061;590,97;CLT;1;20;financeiro+saudavel-0061@exemplo.com.br
saudavel-0062;128,74;CLT;0;15;financeiro+saudavel-0062@exemplo.com.br
saudavel-0063;180,78;PJ;0;16;financeiro+saudavel-0063@exemplo.com.br
saudavel-0064;43,31;PJ;0;14;financeiro+saudavel-0064@exemplo.com.br
saudavel-0065;250,80;PJ;2;10;financeiro+saudavel-0065@exemplo.com.br
saudavel-0066;172,38;CLT;0;18;financeiro+saudavel-0066@exemplo.com.br
saudavel-0067;84,28;PJ;2;12;financeiro+saudavel-0067@exemplo.com.br
saudavel-0068;101,91;PJ;2;12;financeiro+saudavel-0068@exemplo.com.br
saudavel-0069;298,59;CLT;0;16;financeiro+saudavel-0069@exemplo.com.br
saudavel-0070;71,97;PJ;0;15;financeiro+saudavel-0070@exemplo.com.br
saudavel-0071;93,07;CLT;2;10;financeiro+saudavel-0071@exemplo.com.br
saudavel-0072;158,43;freelancer;2;9;financeiro+saudavel-0072@exemplo.com.br
saudavel-0073;142,80;CLT;3;9;financeiro+saudavel-0073@exemplo.com.br
saudavel-0074;39,90;CLT;3;16;financeiro+saudavel-0074@exemplo.com.br
saudavel-0075;47,55;CLT;0;16;financeiro+saudavel-0075@exemplo.com.br
saudavel-0076;324,02;PJ;0;10;financeiro+saudavel-0076@exemplo.com.br
saudavel-0077;83,50;CLT;2;11;financeiro+saudavel-0077@exemplo.com.br
saudavel-0078;168,29;CLT;0;18;financeiro+saudavel-0078@exemplo.com.br
saudavel-0079;92,59;freelancer;0;8;financeiro+saudavel-0079@exemplo.com.br
saudavel-0080;128,77;freelancer;0;15;financeiro+saudavel-0080@exemplo.com.br
saudavel-0081;106,20;CLT;1;13;financeiro+saudavel-0081@exemplo.com.br
saudavel-0082;111,63;freelancer;1;15;financeiro+saudavel-0082@exemplo.com.br
saudavel-0083;80,60;freelancer;3;8;financeiro+saudavel-0083@exemplo.com.br
saudavel-0084;248,55;PJ;0;10;financeiro+saudavel-0084@exemplo.com.br
saudavel-0085;56,26;freelancer;2;15;financeiro+saudavel-0085@exemplo.com.br
saudavel-0086;226,35;CLT;1;18;financeiro+saudavel-0086@exemplo.com.br
saudavel-0087;75,76;PJ;2;12;financeiro+saudavel-0087@exemplo.com.br
saudavel-0088;184,61;CLT;0;14;financeiro+saudavel-0088@exemplo.com.br
saudavel-0089;99,84;PJ;0;14;financeiro+saudavel-0089@exemplo.com.br
saudavel-0090;169,18;PJ;0;17;financeiro+saudavel-0090@exemplo.com.br
saudavel-0091;109,27;CLT;2;17;financeiro+saudavel-0091@exemplo.com.br
saudavel-0092;74,62;freelancer;1;9;financeiro+saudavel-0092@exemplo.com.br
saudavel-0093;135,66;CLT;1;19;financeiro+saudavel-0093@exemplo.com.br
saudavel-0094;110,62;PJ;0;14;financeiro+saudavel-0094@exemplo.com.br
saudavel-0095;88,25;PJ;1;16;financeiro+saudavel-0095@exemplo.com.br
saudavel-0096;169,90;PJ;0;10;financeiro+saudavel-0096@exemplo.com.br
saudavel-0097;167,57;freelancer;1;20;financeiro+saudavel-0097@exemplo.com.br
saudavel-0098;111,85;PJ;3;15;financeiro+saudavel-0098@exemplo.com.br
saudavel-0099;246,70;PJ;1;15;financeiro+saudavel-0099@exemplo.com.br
saudavel-0100;53,89;PJ;0;10;financeiro+saudavel-0100@exemplo.com.br
saudavel-0101;39,90;PJ;0;14;financeiro+saudavel-0101@exemplo.com.br
saudavel-0102;60,20;PJ;0;11;financeiro+saudavel-0102@exemplo.com.br
saudavel-0103;229,71;CLT;1;14;financeiro+saudavel-0103@exemplo.com.br
saudavel-0104;168,45;freelancer;2;18;financeiro+saudavel-0104@exemplo.com.br
saudavel-0105;60,24;CLT;0;10;financeiro+saudavel-0105@exemplo.com.br
saudavel-0106;123,38;freelancer;3;13;financeiro+saudavel-0106@exemplo.com.br
saudavel-0107;101,98;CLT;1;19;financeiro+saudavel-0107@exemplo.com.br
saudavel-0108;91,39;CLT;0;14;financeiro+saudavel-0108@exemplo.com.br
saudavel-0109;127,62;PJ;1;17;financeiro+saudavel-0109@exemplo.com.br
saudavel-0110;72,46;freelancer;0;12;financeiro+saudavel-0110@exemplo.com.br
saudavel-0111;295,93;freelancer;0;13;financeiro+saudavel-0111@exemplo.com.br
saudavel-0112;70,15;PJ;2;12;financeiro+saudavel-0112@exemplo.com.br
saudavel-0113;214,37;PJ;3;12;financeiro+saudavel-0113@exemplo.com.br
saudavel-0114;205,59;CLT;1;18;financeiro+saudavel-0114@exemplo.com.br
saudavel-0115;87,31;freelancer;0;10;financeiro+saudavel-0115@exemplo.com.br
saudavel-0116;134,37;freelancer;0;8;financeiro+saudavel-0116@exemplo.com.br
saudavel-0117;210,62;CLT;;;financeiro+saudavel-0117@exemplo.com.br
saudavel-0118;316,88;freelancer;0;14;financeiro+saudavel-0118@exemplo.com.br
saudavel-0119;218,41;CLT;1;8;financeiro+saudavel-0119@exemplo.com.br
saudavel-0120;112,33;CLT;3;9;financeiro+saudavel-0120@exemplo.com.br
saudavel-0121;104,98;freelancer;1;11;financeiro+saudavel-0121@exemplo.com.br
saudavel-0122;39,90;PJ;3;15;financeiro+saudavel-0122@exemplo.com.br
saudavel-0123;458,98;CLT;1;12;financeiro+saudavel-0123@exemplo.com.br
saudavel-0124;80,10;PJ;0;17;financeiro+saudavel-0124@exemplo.com.br
saudavel-0125;124,83;freelancer;2;12;financeiro+saudavel-0125@exemplo.com.br
saudavel-0126;39,90;PJ;0;14;financeiro+saudavel-0126@exemplo.com.br
saudavel-0127;71,90;CLT;4;14;financeiro+saudavel-0127@exemplo.com.br
saudavel-0128;89,82;CLT;2;20;financeiro+saudavel-0128@exemplo.com.br
saudavel-0129;62,77;CLT;3;13;financeiro+saudavel-0129@exemplo.com.br
saudavel-0130;59,96;CLT;1;12;financeiro+saudavel-0130@exemplo.com.br
saudavel-0131;145,07;CLT;1;17;financeiro+saudavel-0131@exemplo.com.br
saudavel-0132;39,90;PJ;4;11;financeiro+saudavel-0132@exemplo.com.br
saudavel-0133;183,43;freelancer;0;15;financeiro+saudavel-0133@exemplo.com.br
saudavel-0134;163,70;PJ;0;10;financeiro+saudavel-0134@exemplo.com.br
saudavel-0135;104,28;CLT;1;13;financeiro+saudavel-0135@exemplo.com.br
saudavel-0136;44,30;freelancer;1;11;financeiro+saudavel-0136@exemplo.com.br
saudavel-0137;120,74;freelancer;4;13;financeiro+saudavel-0137@exemplo.com.br
saudavel-0138;273,18;CLT;2;19;financeiro+saudavel-0138@exemplo.com.br
saudavel-0139;77,59;freelancer;0;16;financeiro+saudavel-0139@exemplo.com.br
saudavel-0140;141,17;CLT;2;12;financeiro+saudavel-0140@exemplo.com.br
saudavel-0141;171,89;freelancer;1;14;financeiro+saudavel-0141@exemplo.com.br
saudavel-0142;39,90;CLT;0;16;financeiro+saudavel-0142@exemplo.com.br
saudavel-0143;103,68;freelancer;0;15;financeiro+saudavel-0143@exemplo.com.br
saudavel-0144;288,00;PJ;0;15;financeiro+saudavel-0144@exemplo.com.br
saudavel-0145;89,79;freelancer;2;12;financeiro+saudavel-0145@exemplo.com.br
saudavel-0146;227,90;PJ;0;12;financeiro+saudavel-0146@exemplo.com.br
saudavel-0147;107,92;PJ;1;8;financeiro+saudavel-0147@exemplo.com.br
saudavel-0148;169,78;CLT;0;17;financeiro+saudavel-0148@exemplo.com.br
saudavel-0149;90,41;freelancer;1;14;financeiro+saudavel-0149@exemplo.com.br
saudavel-0150;91,73;PJ;0;19;financeiro+saudavel-0150@exemplo.com.br
saudavel-0151;153,96;CLT;0;11;financeiro+saudavel-0151@exemplo.com.br
saudavel-0152;61,95;CLT;;;financeiro+saudavel-0152@exemplo.com.br
saudavel-0153;134,49;freelancer;0;11;financeiro+saudavel-0153@exemplo.com.br
saudavel-0154;62,65;PJ;1;20;financeiro+saudavel-0154@exemplo.com.br
saudavel-0155;295,70;freelancer;1;13;financeiro+saudavel-0155@exemplo.com.br
saudavel-0156;183,28;freelancer;1;9;financeiro+saudavel-0156@exemplo.com.br
saudavel-0157;101,24;freelancer;0;13;financeiro+saudavel-0157@exemplo.com.br
saudavel-0158;163,43;CLT;1;9;financeiro+saudavel-0158@exemplo.com.br
saudavel-0159;90,21;freelancer;0;15;financeiro+saudavel-0159@exemplo.com.br
saudavel-0160;39,90;freelancer;0;8;financeiro+saudavel-0160@exemplo.com.br
saudavel-0161;263,61;PJ;1;12;financeiro+saudavel-0161@exemplo.com.br
saudavel-0162;71,73;freelancer;2;12;financeiro+saudavel-0162@exemplo.com.br
saudavel-0163;154,56;freelancer;1;16;financeiro+saudavel-0163@exemplo.com.br
saudavel-0164;92,77;PJ;2;11;financeiro+saudavel-0164@exemplo.com.br
saudavel-0165;95,27;CLT;1;14;financeiro+saudavel-0165@exemplo.com.br
saudavel-0166;267,55;PJ;0;16;financeiro+saudavel-0166@exemplo.com.br
saudavel-0167;113,56;CLT;1;12;financeiro+saudavel-0167@exemplo.com.br
saudavel-0168;164,19;freelancer;0;9;financeiro+saudavel-0168@exemplo.com.br
saudavel-0169;39,90;PJ;0;15;financeiro+saudavel-0169@exemplo.com.br
saudavel-0170;59,68;freelancer;1;13;financeiro+saudavel-0170@exemplo.com.br
saudavel-0171;99,03;CLT;0;11;financeiro+saudavel-0171@exemplo.com.br
saudavel-0172;77,48;CLT;0;10;financeiro+saudavel-0172@exemplo.com.br
saudavel-0173;154,90;PJ;0;15;financeiro+saudavel-0173@exemplo.com.br
saudavel-0174;129,22;PJ;0;10;financeiro+saudavel-0174@exemplo.com.br
saudavel-0175;401,04;freelancer;0;19;financeiro+saudavel-0175@exemplo.com.br
saudavel-0176;75,76;freelancer;;;financeiro+saudavel-0176@exemplo.com.br
saudavel-0177;144,92;PJ;0;13;financeiro+saudavel-0177@exemplo.com.br
saudavel-0178;98,30;freelancer;3;13;financeiro+saudavel-0178@exemplo.com.br
saudavel-0179;56,65;CLT;2;9;financeiro+saudavel-0179@exemplo.com.br
saudavel-0180;123,09;freelancer;1;17;financeiro+saudavel-0180@exemplo.com.br
saudavel-0181;170,98;CLT;2;16;financeiro+saudavel-0181@exemplo.com.br
saudavel-0182;74,37;PJ;2;10;financeiro+saudavel-0182@exemplo.com.br
saudavel-0183;223,65;PJ;4;13;financeiro+saudavel-0183@exemplo.com.br
saudavel-0184;127,51;CLT;0;14;financeiro+saudavel-0184@exemplo.com.br
saudavel-0185;95,12;freelancer;0;12;financeiro+saudavel-0185@exemplo.com.br
saudavel-0186;198,78;freelancer;0;9;financeiro+saudavel-0186@exemplo.com.br
saudavel-0187;186,68;CLT;;;financeiro+saudavel-0187@exemplo.com.br
saudavel-0188;112,69;freelancer;2;11;financeiro+saudavel-0188@exemplo.com.br
saudavel-0189;65,83;freelancer;0;20;financeiro+saudavel-0189@exemplo.com.br
saudavel-0190;316,03;PJ;3;17;financeiro+saudavel-0190@exemplo.com.br
saudavel-0191;221,66;freelancer;2;10;financeiro+saudavel-0191@exemplo.com.br
saudavel-0192;49,23;freelancer;2;16;financeiro+saudavel-0192@exemplo.com.br
saudavel-0193;292,61;CLT;2;14;financeiro+saudavel-0193@exemplo.com.br
saudavel-0194;105,78;CLT;2;12;financeiro+saudavel-0194@exemplo.com.br
saudavel-0195;66,24;PJ;0;15;financeiro+saudavel-0195@exemplo.com.br
saudavel-0196;203,32;CLT;0;18;financeiro+saudavel-0196@exemplo.com.br
saudavel-0197;259,81;freelancer;0;18;financeiro+saudavel-0197@exemplo.com.br
saudavel-0198;85,00;freelancer;3;18;financeiro+saudavel-0198@exemplo.com.br
saudavel-0199;94,50;PJ;2;18;financeiro+saudavel-0199@exemplo.com.br
saudavel-0200;101,97;CLT;3;15;financeiro+saudavel-0200@exemplo.com.br
saudavel-0201;69,48;CLT;1;19;financeiro+saudavel-0201@exemplo.com.br
saudavel-0202;92,84;CLT;1;20;financeiro+saudavel-0202@exemplo.com.br
saudavel-0203;139,80;PJ;3;17;financeiro+saudavel-0203@exemplo.com.br
saudavel-0204;159,73;freelancer;1;14;financeiro+saudavel-0204@exemplo.com.br
saudavel-0205;85,64;CLT;0;16;financeiro+saudavel-0205@exemplo.com.br
saudavel-0206;433,16;CLT;3;12;financeiro+saudavel-0206@exemplo.com.br
saudavel-0207;204,64;CLT;0;18;financeiro+saudavel-0207@exemplo.com.br
saudavel-0208;131,13;freelancer;0;11;financeiro+saudavel-0208@exemplo.com.br
saudavel-0209;144,94;freelancer;2;11;financeiro+saudavel-0209@exemplo.com.br
saudavel-0210;251,16;CLT;1;18;financeiro+saudavel-0210@exemplo.com.br
saudavel-0211;107,85;freelancer;3;12;financeiro+saudavel-0211@exemplo.com.br
saudavel-0212;122,31;PJ;0;14;financeiro+saudavel-0212@exemplo.com.br
saudavel-0213;163,31;freelancer;2;14;financeiro+saudavel-0213@exemplo.com.br
saudavel-0214;82,21;CLT;2;17;financeiro+saudavel-0214@exemplo.com.br
saudavel-0215;171,56;PJ;3;11;financeiro+saudavel-0215@exemplo.com.br
saudavel-0216;93,14;PJ;2;12;financeiro+saudavel-0216@exemplo.com.br
saudavel-0217;59,17;PJ;1;19;financeiro+saudavel-0217@exemplo.com.br
saudavel-0218;165,26;freelancer;3;18;financeiro+saudavel-0218@exemplo.com.br
saudavel-0219;103,03;CLT;1;12;financeiro+saudavel-0219@exemplo.com.br
saudavel-0220;131,15;freelancer;0;12;financeiro+saudavel-0220@exemplo.com.br
saudavel-0221;213,91;CLT;1;16;financeiro+saudavel-0221@exemplo.com.br
saudavel-0222;121,19;PJ;0;12;financeiro+saudavel-0222@exemplo.com.br
saudavel-0223;240,44;freelancer;1;13;financeiro+saudavel-0223@exemplo.com.br
saudavel-0224;119,97;CLT;3;10;financeiro+saudavel-0224@exemplo.com.br
saudavel-0225;180,97;freelancer;1;14;financeiro+saudavel-0225@exemplo.com.br
saudavel-0226;77,40;freelancer;3;9;financeiro+saudavel-0226@exemplo.com.br
saudavel-0227;143,27;freelancer;;;financeiro+saudavel-0227@exemplo.com.br
saudavel-0228;58,97;PJ;1;10;financeiro+saudavel-0228@exemplo.com.br
saudavel-0229;124,49;freelancer;1;14;financeiro+saudavel-0229@exemplo.com.br
saudavel-0230;168,87;CLT;0;11;financeiro+saudavel-0230@exemplo.com.br
saudavel-0231;216,74;freelancer;1;14;financeiro+saudavel-0231@exemplo.com.br
saudavel-0232;72,91;CLT;1;19;financeiro+saudavel-0232@exemplo.com.br
saudavel-0233;172,62;PJ;3;8;financeiro+saudavel-0233@exemplo.com.br
saudavel-0234;287,21;CLT;2;10;financeiro+saudavel-0234@exemplo.com.br
saudavel-0235;50,16;CLT;3;19;financeiro+saudavel-0235@exemplo.com.br
saudavel-0236;60,25;freelancer;0;16;financeiro+saudavel-0236@exemplo.com.br
saudavel-0237;123,01;freelancer;1;9;financeiro+saudavel-0237@exemplo.com.br
saudavel-0238;52,02;freelancer;1;14;financeiro+saudavel-0238@exemplo.com.br
saudavel-0239;112,99;PJ;0;13;financeiro+saudavel-0239@exemplo.com.br
saudavel-0240;56,04;PJ;2;20;financeiro+saudavel-0240@exemplo.com.br
saudavel-0241;80,83;freelancer;0;15;financeiro+saudavel-0241@exemplo.com.br
saudavel-0242;304,41;PJ;2;19;financeiro+saudavel-0242@exemplo.com.br
saudavel-0243;175,14;PJ;2;14;financeiro+saudavel-0243@exemplo.com.br
saudavel-0244;118,39;freelancer;1;13;financeiro+saudavel-0244@exemplo.com.br
saudavel-0245;306,98;PJ;2;9;financeiro+saudavel-0245@exemplo.com.br
saudavel-0246;91,90;PJ;4;16;financeiro+saudavel-0246@exemplo.com.br
saudavel-0247;82,35;freelancer;2;12;financeiro+saudavel-0247@exemplo.com.br
saudavel-0248;217,36;freelancer;3;16;financeiro+saudavel-0248@exemplo.com.br
saudavel-0249;172,72;freelancer;1;11;financeiro+saudavel-0249@exemplo.com.br
saudavel-0250;148,94;PJ;0;18;financeiro+saudavel-0250@exemplo.com.br
saudavel-0251;76,48;CLT;0;11;financeiro+saudavel-0251@exemplo.com.br
saudavel-0252;294,80;CLT;1;10;financeiro+saudavel-0252@exemplo.com.br
saudavel-0253;161,34;freelancer;1;17;financeiro+saudavel-0253@exemplo.com.br
saudavel-0254;81,07;CLT;2;17;financeiro+saudavel-0254@exemplo.com.br
saudavel-0255;146,52;freelancer;2;8;financeiro+saudavel-0255@exemplo.com.br
saudavel-0256;104,43;CLT;1;13;financeiro+saudavel-0256@exemplo.com.br
saudavel-0257;128,16;CLT;3;10;financeiro+saudavel-0257@exemplo.com.br
saudavel-0258;41,94;CLT;3;9;financeiro+saudavel-0258@exemplo.com.br
saudavel-0259;127,77;freelancer;2;14;financeiro+saudavel-0259@exemplo.com.br
saudavel-0260;136,59;CLT;0;18;financeiro+saudavel-0260@exemplo.com.br
saudavel-0261;405,95;PJ;1;15;financeiro+saudavel-0261@exemplo.com.br
saudavel-0262;125,76;freelancer;3;20;financeiro+saudavel-0262@exemplo.com.br
saudavel-0263;97,54;PJ;0;19;financeiro+saudavel-0263@exemplo.com.br
saudavel-0264;160,77;freelancer;4;18;financeiro+saudavel-0264@exemplo.com.br
saudavel-0265;241,06;freelancer;1;12;financeiro+saudavel-0265@exemplo.com.br
saudavel-0266;99,80;CLT;0;8;financeiro+saudavel-0266@exemplo.com.br
saudavel-0267;39,90;freelancer;0;14;financeiro+saudavel-0267@exemplo.com.br
saudavel-0268;55,51;CLT;2;20;financeiro+saudavel-0268@exemplo.com.br
saudavel-0269;44,34;PJ;1;18;financeiro+saudavel-0269@exemplo.com.br
saudavel-0270;80,15;CLT;0;13;financeiro+saudavel-0270@exemplo.com.br
saudavel-0271;40,24;freelancer;0;14;financeiro+saudavel-0271@exemplo.com.br
saudavel-0272;200,23;CLT;1;13;financeiro+saudavel-0272@exemplo.com.br
saudavel-0273;396,04;PJ;2;18;financeiro+saudavel-0273@exemplo.com.br
saudavel-0274;213,39;CLT;1;10;financeiro+saudavel-0274@exemplo.com.br
saudavel-0275;67,37;CLT;1;15;financeiro+saudavel-0275@exemplo.com.br
saudavel-0276;112,88;freelancer;2;16;financeiro+saudavel-0276@exemplo.com.br
saudavel-0277;110,06;PJ;3;10;financeiro+saudavel-0277@exemplo.com.br
saudavel-0278;523,77;CLT;0;15;financeiro+saudavel-0278@exemplo.com.br
saudavel-0279;232,62;PJ;1;15;financeiro+saudavel-0279@exemplo.com.br
saudavel-0280;214,21;CLT;1;11;financeiro+saudavel-0280@exemplo.com.br
saudavel-0281;147,77;CLT;1;11;financeiro+saudavel-0281@exemplo.com.br
saudavel-0282;67,70;PJ;1;12;financeiro+saudavel-0282@exemplo.com.br
saudavel-0283;232,17;CLT;0;16;financeiro+saudavel-0283@exemplo.com.br
saudavel-0284;292,05;CLT;1;14;financeiro+saudavel-0284@exemplo.com.br
saudavel-0285;215,62;CLT;2;20;financeiro+saudavel-0285@exemplo.com.br
saudavel-0286;109,78;freelancer;3;9;financeiro+saudavel-0286@exemplo.com.br
saudavel-0287;131,96;PJ;0;14;financeiro+saudavel-0287@exemplo.com.br
saudavel-0288;467,81;PJ;2;13;financeiro+saudavel-0288@exemplo.com.br
saudavel-0289;694,76;PJ;3;18;financeiro+saudavel-0289@exemplo.com.br
saudavel-0290;220,11;freelancer;0;17;financeiro+saudavel-0290@exemplo.com.br
saudavel-0291;188,35;CLT;1;13;financeiro+saudavel-0291@exemplo.com.br
saudavel-0292;248,49;PJ;0;15;financeiro+saudavel-0292@exemplo.com.br
saudavel-0293;164,66;CLT;3;10;financeiro+saudavel-0293@exemplo.com.br
saudavel-0294;138,06;PJ;1;14;financeiro+saudavel-0294@exemplo.com.br
saudavel-0295;40,51;CLT;3;15;financeiro+saudavel-0295@exemplo.com.br
saudavel-0296;121,22;freelancer;2;19;financeiro+saudavel-0296@exemplo.com.br
saudavel-0297;39,90;freelancer;1;17;financeiro+saudavel-0297@exemplo.com.br
saudavel-0298;164,60;CLT;4;16;financeiro+saudavel-0298@exemplo.com.br
saudavel-0299;141,61;PJ;4;13;financeiro+saudavel-0299@exemplo.com.br
saudavel-0300;299,83;PJ;2;17;financeiro+saudavel-0300@exemplo.com.br
saudavel-0301;150,45;freelancer;1;14;financeiro+saudavel-0301@exemplo.com.br
saudavel-0302;662,69;CLT;1;13;financeiro+saudavel-0302@exemplo.com.br
saudavel-0303;96,89;PJ;1;10;financeiro+saudavel-0303@exemplo.com.br
saudavel-0304;131,28;CLT;0;11;financeiro+saudavel-0304@exemplo.com.br
saudavel-0305;183,20;freelancer;1;13;financeiro+saudavel-0305@exemplo.com.br
saudavel-0306;137,80;PJ;3;10;financeiro+saudavel-0306@exemplo.com.br
saudavel-0307;306,81;freelancer;2;12;financeiro+saudavel-0307@exemplo.com.br
saudavel-0308;145,94;PJ;4;17;financeiro+saudavel-0308@exemplo.com.br
saudavel-0309;39,90;freelancer;0;15;financeiro+saudavel-0309@exemplo.com.br
saudavel-0310;75,54;freelancer;0;18;financeiro+saudavel-0310@exemplo.com.br
saudavel-0311;240,96;CLT;0;16;financeiro+saudavel-0311@exemplo.com.br
saudavel-0312;88,52;freelancer;1;15;financeiro+saudavel-0312@exemplo.com.br
saudavel-0313;146,87;PJ;1;11;financeiro+saudavel-0313@exemplo.com.br
saudavel-0314;130,92;CLT;1;18;financeiro+saudavel-0314@exemplo.com.br
saudavel-0315;148,23;freelancer;0;13;financeiro+saudavel-0315@exemplo.com.br
saudavel-0316;130,14;CLT;4;17;financeiro+saudavel-0316@exemplo.com.br
saudavel-0317;60,08;freelancer;1;16;financeiro+saudavel-0317@exemplo.com.br
saudavel-0318;122,02;freelancer;4;15;financeiro+saudavel-0318@exemplo.com.br
saudavel-0319;324,73;PJ;1;8;financeiro+saudavel-0319@exemplo.com.br
saudavel-0320;78,45;CLT;1;12;financeiro+saudavel-0320@exemplo.com.br
saudavel-0321;266,28;freelancer;2;16;financeiro+saudavel-0321@exemplo.com.br
saudavel-0322;281,28;CLT;0;20;financeiro+saudavel-0322@exemplo.com.br
saudavel-0323;152,58;PJ;1;13;financeiro+saudavel-0323@exemplo.com.br
saudavel-0324;260,95;PJ;0;13;financeiro+saudavel-0324@exemplo.com.br
saudavel-0325;97,79;PJ;2;12;financeiro+saudavel-0325@exemplo.com.br
saudavel-0326;46,53;PJ;1;9;financeiro+saudavel-0326@exemplo.com.br
saudavel-0327;67,42;PJ;0;12;financeiro+saudavel-0327@exemplo.com.br
saudavel-0328;39,90;PJ;1;13;financeiro+saudavel-0328@exemplo.com.br
saudavel-0329;114,91;PJ;0;11;financeiro+saudavel-0329@exemplo.com.br
saudavel-0330;339,01;PJ;0;12;financeiro+saudavel-0330@exemplo.com.br
saudavel-0331;120,78;PJ;1;9;financeiro+saudavel-0331@exemplo.com.br
saudavel-0332;85,12;CLT;2;17;financeiro+saudavel-0332@exemplo.com.br
saudavel-0333;253,36;freelancer;1;12;financeiro+saudavel-0333@exemplo.com.br
saudavel-0334;209,53;freelancer;0;14;financeiro+saudavel-0334@exemplo.com.br
saudavel-0335;39,90;PJ;;;financeiro+saudavel-0335@exemplo.com.br
saudavel-0336;139,86;CLT;0;17;financeiro+saudavel-0336@exemplo.com.br
saudavel-0337;166,55;CLT;4;19;financeiro+saudavel-0337@exemplo.com.br
saudavel-0338;76,71;freelancer;1;12;financeiro+saudavel-0338@exemplo.com.br
saudavel-0339;327,64;CLT;1;11;financeiro+saudavel-0339@exemplo.com.br
saudavel-0340;261,47;CLT;0;12;financeiro+saudavel-0340@exemplo.com.br
saudavel-0341;58,34;CLT;2;20;financeiro+saudavel-0341@exemplo.com.br
saudavel-0342;138,14;freelancer;1;14;financeiro+saudavel-0342@exemplo.com.br
saudavel-0343;112,12;CLT;4;15;financeiro+saudavel-0343@exemplo.com.br
saudavel-0344;94,14;freelancer;1;18;financeiro+saudavel-0344@exemplo.com.br
saudavel-0345;621,63;CLT;0;11;financeiro+saudavel-0345@exemplo.com.br
saudavel-0346;232,06;freelancer;2;15;financeiro+saudavel-0346@exemplo.com.br
saudavel-0347;458,32;CLT;0;16;financeiro+saudavel-0347@exemplo.com.br
saudavel-0348;525,77;PJ;;;financeiro+saudavel-0348@exemplo.com.br
saudavel-0349;49,40;CLT;0;8;financeiro+saudavel-0349@exemplo.com.br
saudavel-0350;99,48;CLT;0;12;financeiro+saudavel-0350@exemplo.com.br
saudavel-0351;167,86;PJ;1;16;financeiro+saudavel-0351@exemplo.com.br
saudavel-0352;120,25;CLT;1;14;financeiro+saudavel-0352@exemplo.com.br
saudavel-0353;200,27;PJ;0;12;financeiro+saudavel-0353@exemplo.com.br
saudavel-0354;116,50;freelancer;0;19;financeiro+saudavel-0354@exemplo.com.br
saudavel-0355;120,40;freelancer;1;10;financeiro+saudavel-0355@exemplo.com.br
saudavel-0356;49,50;freelancer;3;17;financeiro+saudavel-0356@exemplo.com.br
saudavel-0357;110,58;CLT;4;15;financeiro+saudavel-0357@exemplo.com.br
saudavel-0358;116,75;PJ;0;16;financeiro+saudavel-0358@exemplo.com.br
saudavel-0359;100,52;freelancer;1;14;financeiro+saudavel-0359@exemplo.com.br
saudavel-0360;390,12;CLT;1;12;financeiro+saudavel-0360@exemplo.com.br
saudavel-0361;189,29;PJ;2;13;financeiro+saudavel-0361@exemplo.com.br
saudavel-0362;271,80;freelancer;0;14;financeiro+saudavel-0362@exemplo.com.br
saudavel-0363;41,41;freelancer;0;16;financeiro+saudavel-0363@exemplo.com.br
saudavel-0364;563,98;freelancer;1;17;financeiro+saudavel-0364@exemplo.com.br
saudavel-0365;142,00;PJ;1;16;financeiro+saudavel-0365@exemplo.com.br
saudavel-0366;92,06;CLT;1;16;financeiro+saudavel-0366@exemplo.com.br
saudavel-0367;386,55;freelancer;0;18;financeiro+saudavel-0367@exemplo.com.br
saudavel-0368;333,28;freelancer;0;20;financeiro+saudavel-0368@exemplo.com.br
saudavel-0369;294,08;PJ;4;14;financeiro+saudavel-0369@exemplo.com.br
saudavel-0370;233,94;freelancer;2;11;financeiro+saudavel-0370@exemplo.com.br
saudavel-0371;39,90;CLT;2;17;financeiro+saudavel-0371@exemplo.com.br
saudavel-0372;136,54;freelancer;0;11;financeiro+saudavel-0372@exemplo.com.br
saudavel-0373;263,65;freelancer;0;11;financeiro+saudavel-0373@exemplo.com.br
saudavel-0374;120,89;freelancer;2;17;financeiro+saudavel-0374@exemplo.com.br
saudavel-0375;149,51;freelancer;1;13;financeiro+saudavel-0375@exemplo.com.br
saudavel-0376;157,06;CLT;2;14;financeiro+saudavel-0376@exemplo.com.br
saudavel-0377;98,31;freelancer;1;17;financeiro+saudavel-0377@exemplo.com.br
saudavel-0378;224,02;freelancer;1;10;financeiro+saudavel-0378@exemplo.com.br
saudavel-0379;97,70;freelancer;1;11;financeiro+saudavel-0379@exemplo.com.br
saudavel-0380;136,16;PJ;4;12;financeiro+saudavel-0380@exemplo.com.br
saudavel-0381;105,42;freelancer;2;14;financeiro+saudavel-0381@exemplo.com.br
saudavel-0382;149,84;PJ;3;10;financeiro+saudavel-0382@exemplo.com.br
saudavel-0383;152,26;CLT;3;14;financeiro+saudavel-0383@exemplo.com.br
saudavel-0384;205,85;CLT;;;financeiro+saudavel-0384@exemplo.com.br
saudavel-0385;268,93;PJ;0;18;financeiro+saudavel-0385@exemplo.com.br
saudavel-0386;74,74;PJ;1;17;financeiro+saudavel-0386@exemplo.com.br
saudavel-0387;157,11;PJ;2;20;financeiro+saudavel-0387@exemplo.com.br
saudavel-0388;125,58;CLT;1;11;financeiro+saudavel-0388@exemplo.com.br
saudavel-0389;185,51;CLT;1;16;financeiro+saudavel-0389@exemplo.com.br
saudavel-0390;160,24;freelancer;0;15;financeiro+saudavel-0390@exemplo.com.br
saudavel-0391;44,84;freelancer;0;19;financeiro+saudavel-0391@exemplo.com.br
saudavel-0392;305,02;CLT;1;20;financeiro+saudavel-0392@exemplo.com.br
saudavel-0393;119,21;PJ;4;14;financeiro+saudavel-0393@exemplo.com.br
saudavel-0394;114,73;freelancer;0;15;financeiro+saudavel-0394@exemplo.com.br
saudavel-0395;83,65;PJ;2;19;financeiro+saudavel-0395@exemplo.com.br
saudavel-0396;50,35;freelancer;1;14;financeiro+saudavel-0396@exemplo.com.br
saudavel-0397;158,61;PJ;;;financeiro+saudavel-0397@exemplo.com.br
saudavel-0398;122,00;freelancer;1;14;financeiro+saudavel-0398@exemplo.com.br
saudavel-0399;228,27;PJ;1;17;financeiro+saudavel-0399@exemplo.com.br
saudavel-0400;138,43;CLT;;;financeiro+saudavel-0400@exemplo.com.br
saudavel-0401;86,35;freelancer;2;13;financeiro+saudavel-0401@exemplo.com.br
saudavel-0402;119,12;freelancer;1;11;financeiro+saudavel-0402@exemplo.com.br
saudavel-0403;844,26;CLT;2;9;financeiro+saudavel-0403@exemplo.com.br
saudavel-0404;269,53;CLT;3;12;financeiro+saudavel-0404@exemplo.com.br
saudavel-0405;251,15;freelancer;0;10;financeiro+saudavel-0405@exemplo.com.br
saudavel-0406;148,54;CLT;0;14;financeiro+saudavel-0406@exemplo.com.br
saudavel-0407;215,65;PJ;0;19;financeiro+saudavel-0407@exemplo.com.br
saudavel-0408;113,10;CLT;0;14;financeiro+saudavel-0408@exemplo.com.br
saudavel-0409;154,94;freelancer;0;14;financeiro+saudavel-0409@exemplo.com.br
saudavel-0410;92,31;freelancer;2;12;financeiro+saudavel-0410@exemplo.com.br
saudavel-0411;81,40;freelancer;0;12;financeiro+saudavel-0411@exemplo.com.br
saudavel-0412;129,37;freelancer;0;11;financeiro+saudavel-0412@exemplo.com.br
saudavel-0413;63,15;freelancer;1;19;financeiro+saudavel-0413@exemplo.com.br
saudavel-0414;134,55;PJ;2;15;financeiro+saudavel-0414@exemplo.com.br
saudavel-0415;299,30;CLT;0;18;financeiro+saudavel-0415@exemplo.com.br
saudavel-0416;153,87;PJ;2;15;financeiro+saudavel-0416@exemplo.com.br
saudavel-0417;150,38;freelancer;1;14;financeiro+saudavel-0417@exemplo.com.br
saudavel-0418;583,04;CLT;1;11;financeiro+saudavel-0418@exemplo.com.br
saudavel-0419;107,33;CLT;1;16;financeiro+saudavel-0419@exemplo.com.br
saudavel-0420;79,53;CLT;2;12;financeiro+saudavel-0420@exemplo.com.br
saudavel-0421;140,11;PJ;1;19;financeiro+saudavel-0421@exemplo.com.br
saudavel-0422;46,09;freelancer;2;10;financeiro+saudavel-0422@exemplo.com.br
saudavel-0423;370,40;freelancer;0;13;financeiro+saudavel-0423@exemplo.com.br
saudavel-0424;58,80;PJ;1;11;financeiro+saudavel-0424@exemplo.com.br
saudavel-0425;67,47;PJ;1;11;financeiro+saudavel-0425@exemplo.com.br
saudavel-0426;111,08;PJ;0;15;financeiro+saudavel-0426@exemplo.com.br
saudavel-0427;257,15;PJ;0;14;financeiro+saudavel-0427@exemplo.com.br
saudavel-0428;146,99;PJ;1;12;financeiro+saudavel-0428@exemplo.com.br
saudavel-0429;71,05;CLT;0;12;financeiro+saudavel-0429@exemplo.com.br
saudavel-0430;85,69;CLT;3;17;financeiro+saudavel-0430@exemplo.com.br
saudavel-0431;142,65;CLT;0;18;financeiro+saudavel-0431@exemplo.com.br
saudavel-0432;100,89;CLT;2;17;financeiro+saudavel-0432@exemplo.com.br
saudavel-0433;69,72;freelancer;1;17;financeiro+saudavel-0433@exemplo.com.br
saudavel-0434;166,31;freelancer;2;18;financeiro+saudavel-0434@exemplo.com.br
saudavel-0435;69,18;PJ;0;16;financeiro+saudavel-0435@exemplo.com.br
saudavel-0436;113,77;PJ;2;17;financeiro+saudavel-0436@exemplo.com.br
saudavel-0437;302,59;PJ;4;16;financeiro+saudavel-0437@exemplo.com.br
saudavel-0438;163,17;freelancer;1;15;financeiro+saudavel-0438@exemplo.com.br
saudavel-0439;254,98;PJ;0;14;financeiro+saudavel-0439@exemplo.com.br
saudavel-0440;127,15;PJ;0;14;financeiro+saudavel-0440@exemplo.com.br
saudavel-0441;189,54;freelancer;1;10;financeiro+saudavel-0441@exemplo.com.br
saudavel-0442;224,81;freelancer;2;11;financeiro+saudavel-0442@exemplo.com.br
saudavel-0443;125,33;PJ;0;11;financeiro+saudavel-0443@exemplo.com.br
saudavel-0444;191,64;PJ;0;16;financeiro+saudavel-0444@exemplo.com.br
saudavel-0445;185,22;freelancer;4;13;financeiro+saudavel-0445@exemplo.com.br
saudavel-0446;81,34;freelancer;;;financeiro+saudavel-0446@exemplo.com.br
saudavel-0447;89,15;PJ;0;15;financeiro+saudavel-0447@exemplo.com.br
saudavel-0448;58,62;CLT;1;10;financeiro+saudavel-0448@exemplo.com.br
saudavel-0449;47,73;freelancer;;;financeiro+saudavel-0449@exemplo.com.br
saudavel-0450;110,94;CLT;1;13;financeiro+saudavel-0450@exemplo.com.br
saudavel-0451;206,56;PJ;0;11;financeiro+saudavel-0451@exemplo.com.br
saudavel-0452;295,81;CLT;0;13;financeiro+saudavel-0452@exemplo.com.br
saudavel-0453;52,61;CLT;1;10;financeiro+saudavel-0453@exemplo.com.br
saudavel-0454;48,76;freelancer;0;17;financeiro+saudavel-0454@exemplo.com.br
saudavel-0455;111,42;PJ;1;16;financeiro+saudavel-0455@exemplo.com.br
saudavel-0456;67,71;PJ;1;20;financeiro+saudavel-0456@exemplo.com.br
saudavel-0457;313,23;PJ;1;17;financeiro+saudavel-0457@exemplo.com.br
saudavel-0458;39,90;freelancer;0;19;financeiro+saudavel-0458@exemplo.com.br
saudavel-0459;184,79;CLT;3;13;financeiro+saudavel-0459@exemplo.com.br
saudavel-0460;135,50;PJ;0;11;financeiro+saudavel-0460@exemplo.com.br
saudavel-0461;72,83;CLT;1;13;financeiro+saudavel-0461@exemplo.com.br
saudavel-0462;126,38;PJ;3;12;financeiro+saudavel-0462@exemplo.com.br
saudavel-0463;94,54;CLT;0;14;financeiro+saudavel-0463@exemplo.com.br
saudavel-0464;46,65;PJ;0;14;financeiro+saudavel-0464@exemplo.com.br
saudavel-0465;53,92;freelancer;0;12;financeiro+saudavel-0465@exemplo.com.br
saudavel-0466;80,25;freelancer;1;17;financeiro+saudavel-0466@exemplo.com.br
saudavel-0467;71,15;PJ;0;9;financeiro+saudavel-0467@exemplo.com.br
saudavel-0468;360,30;freelancer;0;13;financeiro+saudavel-0468@exemplo.com.br
saudavel-0469;124,85;freelancer;3;15;financeiro+saudavel-0469@exemplo.com.br
saudavel-0470;82,24;CLT;1;9;financeiro+saudavel-0470@exemplo.com.br
saudavel-0471;90,25;PJ;3;10;financeiro+saudavel-0471@exemplo.com.br
saudavel-0472;39,90;PJ;1;16;financeiro+saudavel-0472@exemplo.com.br
saudavel-0473;152,43;freelancer;2;16;financeiro+saudavel-0473@exemplo.com.br
saudavel-0474;222,48;PJ;0;20;financeiro+saudavel-0474@exemplo.com.br
saudavel-0475;114,65;CLT;3;9;financeiro+saudavel-0475@exemplo.com.br
saudavel-0476;89,06;freelancer;1;18;financeiro+saudavel-0476@exemplo.com.br
saudavel-0477;78,84;CLT;0;16;financeiro+saudavel-0477@exemplo.com.br
saudavel-0478;184,88;freelancer;0;17;financeiro+saudavel-0478@exemplo.com.br
saudavel-0479;46,44;CLT;0;11;financeiro+saudavel-0479@exemplo.com.br
saudavel-0480;449,16;CLT;1;19;financeiro+saudavel-0480@exemplo.com.br
saudavel-0481;58,73;freelancer;3;13;financeiro+saudavel-0481@exemplo.com.br
saudavel-0482;39,90;CLT;0;15;financeiro+saudavel-0482@exemplo.com.br
saudavel-0483;53,19;CLT;1;12;financeiro+saudavel-0483@exemplo.com.br
saudavel-0484;44,99;freelancer;1;10;financeiro+saudavel-0484@exemplo.com.br
saudavel-0485;441,61;PJ;0;13;financeiro+saudavel-0485@exemplo.com.br
saudavel-0486;68,52;CLT;1;13;financeiro+saudavel-0486@exemplo.com.br
saudavel-0487;273,43;freelancer;2;20;financeiro+saudavel-0487@exemplo.com.br
saudavel-0488;69,81;freelancer;1;14;financeiro+saudavel-0488@exemplo.com.br
saudavel-0489;332,09;PJ;2;14;financeiro+saudavel-0489@exemplo.com.br
saudavel-0490;68,85;CLT;0;16;financeiro+saudavel-0490@exemplo.com.br
saudavel-0491;331,60;freelancer;2;14;financeiro+saudavel-0491@exemplo.com.br
saudavel-0492;94,43;CLT;1;17;financeiro+saudavel-0492@exemplo.com.br
saudavel-0493;129,67;PJ;0;19;financeiro+saudavel-0493@exemplo.com.br
saudavel-0494;324,83;freelancer;0;16;financeiro+saudavel-0494@exemplo.com.br
saudavel-0495;57,72;PJ;0;11;financeiro+saudavel-0495@exemplo.com.br
saudavel-0496;190,10;PJ;0;19;financeiro+saudavel-0496@exemplo.com.br
saudavel-0497;164,66;PJ;1;19;financeiro+saudavel-0497@exemplo.com.br
saudavel-0498;466,56;PJ;2;16;financeiro+saudavel-0498@exemplo.com.br
saudavel-0499;75,70;freelancer;1;18;financeiro+saudavel-0499@exemplo.com.br
saudavel-0500;662,95;PJ;2;10;financeiro+saudavel-0500@exemplo.com.br
